id,first_name,last_name,email,gender,ip_address
1,Rickie,Liddall,rliddall0@tmall.com,Female,166.124.253.7
2,Tucker,Oxterby,toxterby1@last.fm,Bigender,70.64.115.68
3,Kristo,Gwilym,kgwilym2@spiegel.de,Male,61.20.203.248
4,Claiborne,Madigan,cmadigan3@google.co.uk,Female,166.191.181.58
5,Sonia,Corbert,scorbert4@cnbc.com,Genderqueer,100.17.238.178
6,Darda,Pilkinton,dpilkinton5@utexas.edu,Male,3.21.16.235
7,Dani,Storey,dstorey6@sfgate.com,Male,18.166.102.110
8,Dyanne,Toghill,dtoghill7@mlb.com,Female,58.249.151.224
9,Liza,Dislee,ldislee8@gmpg.org,Female,75.215.178.172
10,Violette,Bracegirdle,vbracegirdle9@apache.org,Male,24.202.243.246
